"timestamp","ip","mac","iface","note","is_spoof"2025-10-24T04:42:10.104507,172.19.65.1,16:d8:e4:80:e8:43,en0,,0
2025-10-24T04:42:10.224521,172.19.66.37,4e:6b:33:a3:03:90,en0,,0
2025-10-24T04:42:10.377071,172.19.64.1,ae:ed:32:41:dc:00,en0,,0
2025-10-24T04:42:10.528693,172.19.69.50,94:bb:43:9c:34:88,en0,,0
2025-10-24T04:42:10.598843,172.19.65.231,3e:b9:f1:d4:2a:d4,en0,,0
2025-10-24T04:42:10.650301,172.19.64.1,ae:ed:32:41:dc:00,en0,,1
2025-10-24T04:42:10.820923,172.19.69.50,94:bb:43:9c:34:88,en0,,0
2025-10-24T04:42:10.826925,172.19.73.106,34:7d:f6:ed:4d:88,en0,,0
2025-10-24T04:42:10.937598,172.19.69.50,94:bb:43:9c:34:88,en0,,0
2025-10-24T04:42:11.203822,172.19.64.1,ae:ed:32:41:dc:00,en0,,0
2025-10-24T04:42:11.494484,172.19.68.199,6a:d2:2a:84:02:0f,en0,,0
2025-10-24T04:42:11.742068,172.19.64.1,ae:ed:32:41:dc:00,en0,,0
2025-10-24T04:42:11.844504,172.19.64.1,ae:ed:32:41:dc:00,en0,,0
2025-10-24T04:42:11.846017,172.19.69.50,94:bb:43:9c:34:88,en0,,0
2025-10-24T04:42:12.049551,172.19.69.50,94:bb:43:9c:34:88,en0,,0
2025-10-24T04:42:12.155417,172.19.64.1,ae:ed:32:41:dc:00,en0,,0
2025-10-24T04:42:12.257983,172.19.69.50,94:bb:43:9c:34:88,en0,,0
2025-10-24T04:42:12.268275,172.19.65.1,16:d8:e4:80:e8:43,en0,,0
2025-10-24T04:42:12.398445,172.19.64.1,ae:ed:32:41:dc:00,en0,,0
2025-10-24T04:42:12.409580,172.19.64.1,ae:ed:32:41:dc:00,en0,,0
2025-10-24T04:42:12.765989,172.19.64.1,ae:ed:32:41:dc:00,en0,,0
2025-10-24T04:42:12.843536,172.19.73.106,34:7d:f6:ed:4d:88,en0,,0
2025-10-24T04:42:12.868536,172.19.65.162,5e:6c:a7:35:c5:d5,en0,,0
2025-10-24T04:42:12.919256,172.19.64.1,ae:ed:32:41:dc:00,en0,,0
2025-10-24T04:42:13.073620,172.19.66.142,4e:04:b6:c3:6a:7e,en0,,0
2025-10-24T04:42:13.075316,172.19.73.97,00:e9:3a:a2:f6:49,en0,,0
2025-10-24T04:42:13.482517,172.19.64.1,ae:ed:32:41:dc:00,en0,,0
2025-10-24T04:42:13.483053,172.19.64.1,ae:ed:32:41:dc:00,en0,,0
2025-10-24T04:42:13.483300,172.19.64.1,ae:ed:32:41:dc:00,en0,,0
2025-10-24T04:42:13.687312,172.19.64.1,ae:ed:32:41:dc:00,en0,,0
2025-10-24T04:42:13.797658,172.19.64.1,ae:ed:32:41:dc:00,en0,,0
2025-10-24T04:42:13.994153,172.19.73.97,00:e9:3a:a2:f6:49,en0,,0
2025-10-24T04:42:14.063182,172.19.66.92,e2:2b:40:d5:33:b8,en0,,0
2025-10-24T04:42:14.183425,172.19.72.154,56:80:ad:7c:d5:db,en0,,0
2025-10-24T04:42:14.462637,172.19.70.237,42:2b:94:ca:a7:20,en0,,0
2025-10-24T04:42:14.483657,172.19.64.1,ae:ed:32:41:dc:00,en0,,0
2025-10-24T04:42:14.483957,172.19.64.1,ae:ed:32:41:dc:00,en0,,0
2025-10-24T04:42:14.672185,172.19.64.1,ae:ed:32:41:dc:00,en0,,0
2025-10-24T04:42:14.723412,172.19.64.1,ae:ed:32:41:dc:00,en0,,0
2025-10-24T04:42:14.803817,172.19.64.1,ae:ed:32:41:dc:00,en0,,0
2025-10-24T04:42:15.019617,172.19.73.97,00:e9:3a:a2:f6:49,en0,,0
2025-10-24T04:42:15.223435,172.19.64.1,ae:ed:32:41:dc:00,en0,,0
2025-10-24T04:42:15.632257,172.19.66.21,12:01:ca:b6:ce:3e,en0,,0
2025-10-24T04:42:15.763300,172.19.64.1,ae:ed:32:41:dc:00,en0,,0
2025-10-24T04:42:15.783968,172.19.64.1,ae:ed:32:41:dc:00,en0,,0
2025-10-24T04:42:15.796029,172.19.64.1,ae:ed:32:41:dc:00,en0,,0
2025-10-24T04:42:15.940612,172.19.64.1,ae:ed:32:41:dc:00,en0,,0
2025-10-24T04:42:16.247135,172.19.64.1,ae:ed:32:41:dc:00,en0,,0
2025-10-24T04:42:16.350987,172.19.64.1,ae:ed:32:41:dc:00,en0,,0
2025-10-24T04:42:16.640188,172.19.71.128,56:fb:a5:fe:a9:d2,en0,,0
2025-10-24T04:42:16.642695,172.19.66.32,b2:e0:26:e1:9f:91,en0,,0
2025-10-24T04:42:16.803672,172.19.64.1,ae:ed:32:41:dc:00,en0,,0
2025-10-24T04:42:16.968574,172.19.73.53,06:ae:c6:d7:d1:f7,en0,,0
2025-10-24T04:42:17.033874,172.19.69.123,ea:44:63:8b:33:84,en0,,0
2025-10-24T04:42:17.204072,172.19.64.1,ae:ed:32:41:dc:00,en0,,0
2025-10-24T04:42:17.284723,172.19.64.1,ae:ed:32:41:dc:00,en0,,0
2025-10-24T04:42:17.715787,172.19.67.252,5e:92:c5:55:1e:25,en0,,0
2025-10-24T04:42:17.843478,172.19.64.1,ae:ed:32:41:dc:00,en0,,0
2025-10-24T04:42:17.972108,172.19.69.189,ae:da:3f:25:25:55,en0,,0
2025-10-24T04:42:18.192644,0.0.0.0,60:ff:9e:47:f0:9e,en0,,0
2025-10-24T04:42:18.295532,172.19.64.1,ae:ed:32:41:dc:00,en0,,0
2025-10-24T04:42:18.604205,172.19.68.18,2e:10:74:71:68:f0,en0,,0
2025-10-24T04:42:18.704749,172.19.64.1,ae:ed:32:41:dc:00,en0,,0
2025-10-24T04:42:18.806714,172.19.68.175,3c:57:6c:03:30:57,en0,,0
2025-10-24T04:42:19.113906,172.19.64.1,ae:ed:32:41:dc:00,en0,,0
2025-10-24T04:42:19.216759,0.0.0.0,60:ff:9e:47:f0:9e,en0,,0
2025-10-24T04:42:19.218263,172.19.69.135,9e:f4:1c:a1:3b:0a,en0,,0
2025-10-24T04:42:19.524166,172.19.66.92,e2:2b:40:d5:33:b8,en0,,0
2025-10-24T04:42:19.934505,172.19.65.228,e2:d4:e4:d3:e3:39,en0,,0
2025-10-24T04:42:19.934845,172.19.64.1,ae:ed:32:41:dc:00,en0,,0
2025-10-24T04:42:20.138541,172.19.66.220,46:ce:8c:61:3f:bb,en0,,0
2025-10-24T04:42:20.138911,172.19.64.1,ae:ed:32:41:dc:00,en0,,0
2025-10-24T04:42:20.240194,0.0.0.0,60:ff:9e:47:f0:9e,en0,,0
2025-10-24T04:42:20.325807,172.19.71.128,56:fb:a5:fe:a9:d2,en0,,0
2025-10-24T04:42:20.332291,172.19.72.234,a6:05:b4:4c:6e:51,en0,,0
2025-10-24T04:42:20.961260,172.19.64.1,ae:ed:32:41:dc:00,en0,,0
2025-10-24T04:42:21.163620,172.19.64.1,ae:ed:32:41:dc:00,en0,,0
2025-10-24T04:42:21.164115,172.19.77.89,60:ff:9e:47:f0:9e,en0,,0
2025-10-24T04:42:21.265639,172.19.64.1,ae:ed:32:41:dc:00,en0,,0
2025-10-24T04:42:21.366503,172.19.66.21,12:01:ca:b6:ce:3e,en0,,0
2025-10-24T04:42:21.471942,172.19.67.105,22:87:2a:6d:93:d4,en0,,0
2025-10-24T04:42:21.473666,172.19.68.92,da:6a:59:c7:de:37,en0,,0
2025-10-24T04:42:21.675569,172.19.68.92,da:6a:59:c7:de:37,en0,,0
2025-10-24T04:42:21.676908,172.19.64.1,ae:ed:32:41:dc:00,en0,,0
2025-10-24T04:42:21.778216,172.19.73.53,06:ae:c6:d7:d1:f7,en0,,0
2025-10-24T04:42:21.883115,172.19.69.203,a6:75:f0:ca:66:d0,en0,,0
2025-10-24T04:42:21.981276,172.19.64.1,ae:ed:32:41:dc:00,en0,,0
2025-10-24T04:42:21.981862,172.19.68.6,c6:53:99:90:5d:0a,en0,,0
2025-10-24T04:42:22.085399,172.19.64.1,ae:ed:32:41:dc:00,en0,,0
2025-10-24T04:42:22.291108,172.19.64.1,ae:ed:32:41:dc:00,en0,,0
2025-10-24T04:42:22.801128,172.19.64.1,ae:ed:32:41:dc:00,en0,,0
2025-10-24T04:42:22.802732,172.19.66.184,ea:35:28:3a:cf:e7,en0,,0
2025-10-24T04:42:22.902649,172.19.64.1,ae:ed:32:41:dc:00,en0,,0
2025-10-24T04:42:23.210346,172.19.64.1,ae:ed:32:41:dc:00,en0,,0
2025-10-24T04:42:23.210690,172.19.77.89,60:ff:9e:47:f0:9e,en0,,0
2025-10-24T04:42:23.312617,172.19.64.1,ae:ed:32:41:dc:00,en0,,0
2025-10-24T04:42:23.313082,172.19.64.1,ae:ed:32:41:dc:00,en0,,0
2025-10-24T04:42:23.415927,172.19.68.94,dc:b7:2e:21:d4:63,en0,,0
2025-10-24T04:42:23.825506,172.19.64.1,ae:ed:32:41:dc:00,en0,,0
2025-10-24T04:42:23.927343,172.19.64.1,ae:ed:32:41:dc:00,en0,,0
2025-10-24T04:42:24.029982,172.19.64.1,ae:ed:32:41:dc:00,en0,,0
2025-10-24T04:42:24.234273,172.19.64.1,ae:ed:32:41:dc:00,en0,,0
2025-10-24T04:42:24.337108,172.19.64.1,ae:ed:32:41:dc:00,en0,,0
2025-10-24T04:42:24.543730,172.19.64.1,ae:ed:32:41:dc:00,en0,,0
2025-10-24T04:42:24.745809,172.19.67.105,22:87:2a:6d:93:d4,en0,,0
2025-10-24T04:42:24.951333,172.19.64.1,ae:ed:32:41:dc:00,en0,,0
2025-10-24T04:42:25.054485,172.19.64.1,ae:ed:32:41:dc:00,en0,,0
2025-10-24T04:42:25.155730,172.19.64.1,ae:ed:32:41:dc:00,en0,,0
2025-10-24T04:42:25.257675,172.19.64.1,ae:ed:32:41:dc:00,en0,,0
2025-10-24T04:42:25.462589,172.19.64.1,ae:ed:32:41:dc:00,en0,,0
2025-10-24T04:42:25.464075,172.19.68.103,4e:38:56:de:b2:c5,en0,,0
2025-10-24T04:42:25.567345,172.19.64.1,ae:ed:32:41:dc:00,en0,,0
2025-10-24T04:42:25.978675,172.19.72.250,5a:44:31:2d:3c:eb,en0,,0
2025-10-24T04:42:26.081175,172.19.70.137,8e:24:e5:68:87:ef,en0,,0
2025-10-24T04:42:26.179682,172.19.64.1,ae:ed:32:41:dc:00,en0,,0
2025-10-24T04:42:26.180063,172.19.64.1,ae:ed:32:41:dc:00,en0,,0
2025-10-24T04:42:26.180340,172.19.67.107,a6:99:6e:c2:45:4c,en0,,0
2025-10-24T04:42:26.180924,172.19.67.107,a6:99:6e:c2:45:4c,en0,,0
2025-10-24T04:42:26.282031,172.19.64.1,ae:ed:32:41:dc:00,en0,,0
2025-10-24T04:42:26.283925,172.19.64.1,ae:ed:32:41:dc:00,en0,,0
2025-10-24T04:42:26.488389,172.19.64.1,ae:ed:32:41:dc:00,en0,,0
2025-10-24T04:42:26.592576,172.19.64.1,ae:ed:32:41:dc:00,en0,,0
2025-10-24T04:42:26.896885,172.19.67.252,5e:92:c5:55:1e:25,en0,,0
2025-10-24T04:42:27.203639,172.19.64.1,ae:ed:32:41:dc:00,en0,,0
2025-10-24T04:42:27.408223,172.19.65.231,3e:b9:f1:d4:2a:d4,en0,,0
2025-10-24T04:42:27.511848,172.19.64.1,ae:ed:32:41:dc:00,en0,,0
2025-10-24T04:42:27.716630,172.19.64.1,ae:ed:32:41:dc:00,en0,,0
2025-10-24T04:42:27.716943,172.19.67.107,a6:99:6e:c2:45:4c,en0,,0
2025-10-24T04:42:28.228560,172.19.65.1,16:d8:e4:80:e8:43,en0,,0
2025-10-24T04:42:28.330183,172.19.69.211,9a:45:a1:52:e5:bd,en0,,0
2025-10-24T04:42:28.330625,172.19.66.132,02:44:a1:a4:b2:0b,en0,,0
2025-10-24T04:42:28.432615,172.19.65.125,de:fa:92:c5:09:8d,en0,,0
2025-10-24T04:42:33.757531,172.19.64.1,ae:ed:32:41:dc:00,en0,,0
2025-10-24T04:42:33.757942,172.19.64.1,ae:ed:32:41:dc:00,en0,,0
2025-10-24T04:42:33.758171,172.19.64.1,ae:ed:32:41:dc:00,en0,,0
2025-10-24T04:42:33.758387,172.19.64.1,ae:ed:32:41:dc:00,en0,,0
2025-10-24T04:42:33.860424,0.0.0.0,ac:d1:b8:d8:26:35,en0,,0
2025-10-24T04:42:34.067247,172.19.64.1,ae:ed:32:41:dc:00,en0,,0
2025-10-24T04:42:34.270683,172.19.64.1,ae:ed:32:41:dc:00,en0,,0
2025-10-24T04:42:34.474990,0.0.0.0,34:7d:f6:ed:4d:88,en0,,0
2025-10-24T04:42:34.577411,172.19.65.231,3e:b9:f1:d4:2a:d4,en0,,0
2025-10-24T04:42:34.678982,172.19.64.1,ae:ed:32:41:dc:00,en0,,0
2025-10-24T04:42:34.781426,172.19.64.1,ae:ed:32:41:dc:00,en0,,0
2025-10-24T04:42:34.781730,172.19.64.1,ae:ed:32:41:dc:00,en0,,0
2025-10-24T04:42:34.886105,0.0.0.0,ac:d1:b8:d8:26:35,en0,,0
2025-10-24T04:42:34.989047,172.19.72.214,86:af:d3:59:2a:94,en0,,0
2025-10-24T04:42:35.088788,172.19.64.1,ae:ed:32:41:dc:00,en0,,0
2025-10-24T04:42:35.294323,172.19.64.1,ae:ed:32:41:dc:00,en0,,0
2025-10-24T04:42:35.396288,0.0.0.0,34:7d:f6:ed:4d:88,en0,,0
2025-10-24T04:42:35.500289,172.19.67.250,72:4c:83:3a:2a:3a,en0,,0
2025-10-24T04:42:35.500939,172.19.65.103,1e:ec:0e:d4:be:d3,en0,,0
2025-10-24T04:42:35.703138,172.19.64.1,ae:ed:32:41:dc:00,en0,,0
2025-10-24T04:42:35.807443,172.19.64.1,ae:ed:32:41:dc:00,en0,,0
2025-10-24T04:42:35.907502,0.0.0.0,ac:d1:b8:d8:26:35,en0,,0
2025-10-24T04:42:35.907823,172.19.64.1,ae:ed:32:41:dc:00,en0,,0
2025-10-24T04:42:36.009917,172.19.64.1,ae:ed:32:41:dc:00,en0,,0
2025-10-24T04:42:36.010540,172.19.68.6,c6:53:99:90:5d:0a,en0,,0
2025-10-24T04:42:36.112327,172.19.64.1,ae:ed:32:41:dc:00,en0,,0
2025-10-24T04:42:36.216236,172.19.66.37,4e:6b:33:a3:03:90,en0,,0
2025-10-24T04:42:36.216512,172.19.67.22,3e:14:21:bf:7a:92,en0,,0
2025-10-24T04:42:36.216928,172.19.65.228,e2:d4:e4:d3:e3:39,en0,,0
2025-10-24T04:42:36.419560,172.19.64.1,ae:ed:32:41:dc:00,en0,,0
2025-10-24T04:42:36.420292,0.0.0.0,34:7d:f6:ed:4d:88,en0,,0
2025-10-24T04:42:36.420759,172.19.73.106,34:7d:f6:ed:4d:88,en0,,0
2025-10-24T04:42:36.626061,172.19.65.133,c2:e4:a9:fb:d1:59,en0,,0
2025-10-24T04:42:36.797694,172.19.71.128,56:fb:a5:fe:a9:d2,en0,,0
2025-10-24T04:42:36.799918,172.19.70.216,aa:95:02:17:cd:9e,en0,,0
2025-10-24T04:42:36.835063,172.19.64.1,ae:ed:32:41:dc:00,en0,,0
2025-10-24T04:42:36.835247,172.19.70.57,cc:6b:1e:6c:fd:37,en0,,0
2025-10-24T04:42:36.932678,172.19.64.1,ae:ed:32:41:dc:00,en0,,0
2025-10-24T04:42:36.932936,172.19.68.240,ac:d1:b8:d8:26:35,en0,,0
2025-10-24T04:42:37.034805,172.19.64.1,ae:ed:32:41:dc:00,en0,,0
2025-10-24T04:42:37.137834,172.19.64.1,ae:ed:32:41:dc:00,en0,,0
2025-10-24T04:42:37.343493,172.19.73.106,34:7d:f6:ed:4d:88,en0,,0
2025-10-24T04:42:37.343781,172.19.73.106,34:7d:f6:ed:4d:88,en0,,0
2025-10-24T04:42:37.548634,172.19.68.18,2e:10:74:71:68:f0,en0,,0
2025-10-24T04:42:37.853262,172.19.64.1,ae:ed:32:41:dc:00,en0,,0
2025-10-24T04:42:37.955555,172.19.67.108,ca:d3:0a:b9:56:0d,en0,,0
2025-10-24T04:42:38.059690,172.19.64.1,ae:ed:32:41:dc:00,en0,,0
2025-10-24T04:42:38.166145,172.19.70.57,cc:6b:1e:6c:fd:37,en0,,0
2025-10-24T04:42:38.468159,172.19.73.106,34:7d:f6:ed:4d:88,en0,,0
2025-10-24T04:42:38.878972,172.19.72.242,ce:ff:b3:a9:17:3e,en0,,0
2025-10-24T04:42:39.185213,172.19.70.57,cc:6b:1e:6c:fd:37,en0,,0
2025-10-24T04:42:39.391240,172.19.66.197,62:51:bb:f0:8e:a0,en0,,0
2025-10-24T04:42:39.391553,172.19.73.106,34:7d:f6:ed:4d:88,en0,,0
2025-10-24T04:42:39.798961,172.19.67.160,ba:e2:ff:c6:39:bc,en0,,0
2025-10-24T04:42:39.854072,172.19.71.128,56:fb:a5:fe:a9:d2,en0,,0
2025-10-24T04:42:39.860042,172.19.67.17,fe:1c:c1:48:0b:d5,en0,,0
2025-10-24T04:42:40.311254,172.19.68.167,2a:eb:27:b7:b6:46,en0,,0
2025-10-24T04:42:40.618347,172.19.65.162,5e:6c:a7:35:c5:d5,en0,,0
2025-10-24T04:42:40.618658,172.19.64.1,ae:ed:32:41:dc:00,en0,,0
2025-10-24T04:42:40.724300,172.19.71.128,56:fb:a5:fe:a9:d2,en0,,0
2025-10-24T04:42:40.726042,172.19.65.35,be:d2:63:d7:c4:d6,en0,,0
2025-10-24T04:42:40.825783,172.19.72.242,ce:ff:b3:a9:17:3e,en0,,0
2025-10-24T04:42:41.130139,172.19.73.133,ea:0f:1e:fe:63:f0,en0,,0
2025-10-24T04:42:41.437286,172.19.64.1,ae:ed:32:41:dc:00,en0,,0
2025-10-24T04:42:41.847233,172.19.66.142,4e:04:b6:c3:6a:7e,en0,,0
2025-10-24T04:42:41.950245,172.19.72.138,8a:65:08:7e:e0:4c,en0,,0
2025-10-24T04:42:41.950501,172.19.73.19,ce:52:ca:a0:3f:d8,en0,,0
2025-10-24T04:42:42.563749,172.19.65.228,e2:d4:e4:d3:e3:39,en0,,0
2025-10-24T04:42:42.667125,172.19.70.229,06:36:42:c9:f3:6a,en0,,0
2025-10-24T04:42:42.667678,172.19.64.1,ae:ed:32:41:dc:00,en0,,0
2025-10-24T04:42:42.975464,172.19.64.1,ae:ed:32:41:dc:00,en0,,0
2025-10-24T04:42:43.178704,172.19.72.242,ce:ff:b3:a9:17:3e,en0,,0
2025-10-24T04:42:43.179848,172.19.67.168,d6:61:43:1b:3b:b7,en0,,0
2025-10-24T04:42:43.383745,172.19.64.1,ae:ed:32:41:dc:00,en0,,0
2025-10-24T04:42:43.487521,172.19.68.94,dc:b7:2e:21:d4:63,en0,,0
2025-10-24T04:42:43.691932,172.19.64.1,ae:ed:32:41:dc:00,en0,,0
2025-10-24T04:42:44.001668,172.19.64.1,ae:ed:32:41:dc:00,en0,,0
2025-10-24T04:42:44.101082,172.19.64.1,ae:ed:32:41:dc:00,en0,,0
2025-10-24T04:42:44.204143,172.19.67.108,ca:d3:0a:b9:56:0d,en0,,0
2025-10-24T04:42:44.407272,172.19.64.1,ae:ed:32:41:dc:00,en0,,0
2025-10-24T04:42:44.816647,172.19.64.1,ae:ed:32:41:dc:00,en0,,0
2025-10-24T04:42:45.023506,172.19.64.1,ae:ed:32:41:dc:00,en0,,0
2025-10-24T04:42:45.328693,172.19.72.242,ce:ff:b3:a9:17:3e,en0,,0
2025-10-24T04:42:45.431334,172.19.64.1,ae:ed:32:41:dc:00,en0,,0
2025-10-24T04:42:45.432570,172.19.67.168,d6:61:43:1b:3b:b7,en0,,0
2025-10-24T04:42:45.638211,172.19.69.120,26:41:d5:71:3e:25,en0,,0
2025-10-24T04:42:45.639250,172.19.66.92,e2:2b:40:d5:33:b8,en0,,0
2025-10-24T04:42:45.943885,172.19.64.1,ae:ed:32:41:dc:00,en0,,0
2025-10-24T04:42:46.967600,172.19.65.125,de:fa:92:c5:09:8d,en0,,0
2025-10-24T04:42:46.968805,172.19.72.242,ce:ff:b3:a9:17:3e,en0,,0
2025-10-24T04:42:47.073489,172.19.64.1,ae:ed:32:41:dc:00,en0,,0
2025-10-24T04:42:47.292716,172.19.64.1,ae:ed:32:41:dc:00,en0,,0
2025-10-24T04:42:47.376768,172.19.64.1,ae:ed:32:41:dc:00,en0,,0
2025-10-24T04:42:47.480330,172.19.73.95,7c:76:35:2e:26:c4,en0,,0
2025-10-24T04:42:47.684434,172.19.72.84,ca:07:2b:25:a9:8d,en0,,0
2025-10-24T04:42:47.888856,172.19.72.171,5a:52:c9:f8:0c:31,en0,,0
2025-10-24T04:42:47.889705,172.19.72.171,5a:52:c9:f8:0c:31,en0,,0
2025-10-24T04:42:48.094099,172.19.64.1,ae:ed:32:41:dc:00,en0,,0
2025-10-24T04:42:48.094389,172.19.64.1,ae:ed:32:41:dc:00,en0,,0
2025-10-24T04:42:48.197377,172.19.73.95,7c:76:35:2e:26:c4,en0,,0
2025-10-24T04:42:48.401447,172.19.64.1,ae:ed:32:41:dc:00,en0,,0
2025-10-24T04:42:48.502941,172.19.64.1,ae:ed:32:41:dc:00,en0,,0
2025-10-24T04:42:49.016740,172.19.68.18,2e:10:74:71:68:f0,en0,,0
2025-10-24T04:42:49.120269,172.19.64.1,ae:ed:32:41:dc:00,en0,,0
2025-10-24T04:42:49.219890,172.19.73.95,7c:76:35:2e:26:c4,en0,,0
2025-10-24T04:42:49.221538,172.19.67.250,72:4c:83:3a:2a:3a,en0,,0
2025-10-24T04:42:49.425836,172.19.64.1,ae:ed:32:41:dc:00,en0,,0
2025-10-24T04:42:49.527201,172.19.64.1,ae:ed:32:41:dc:00,en0,,0
2025-10-24T04:42:49.834454,172.19.64.1,ae:ed:32:41:dc:00,en0,,0
2025-10-24T04:42:50.143264,172.19.65.151,f6:7b:36:7a:2d:de,en0,,0
2025-10-24T04:42:50.449499,172.19.64.1,ae:ed:32:41:dc:00,en0,,0
2025-10-24T04:42:50.449808,172.19.67.155,92:0a:7c:56:8c:75,en0,,0
2025-10-24T04:42:50.450653,172.19.64.1,ae:ed:32:41:dc:00,en0,,0
2025-10-24T04:42:50.553681,172.19.67.155,92:0a:7c:56:8c:75,en0,,0
2025-10-24T04:42:50.861248,172.19.64.1,ae:ed:32:41:dc:00,en0,,0
2025-10-24T04:42:51.370537,172.19.73.145,a2:7f:47:78:8d:e6,en0,,0
2025-10-24T04:42:51.370814,172.19.64.1,ae:ed:32:41:dc:00,en0,,0
2025-10-24T04:42:51.477417,172.19.64.1,ae:ed:32:41:dc:00,en0,,0
2025-10-24T04:42:51.678816,172.19.67.161,5a:31:05:5d:97:a3,en0,,0
2025-10-24T04:42:51.988920,172.19.65.103,1e:ec:0e:d4:be:d3,en0,,0
2025-10-24T04:42:52.394263,172.19.68.167,2a:eb:27:b7:b6:46,en0,,0
2025-10-24T04:42:52.394525,172.19.64.1,ae:ed:32:41:dc:00,en0,,0
2025-10-24T04:42:52.496640,172.19.64.1,ae:ed:32:41:dc:00,en0,,0
2025-10-24T04:42:52.496933,172.19.64.1,ae:ed:32:41:dc:00,en0,,0
2025-10-24T04:42:52.804065,172.19.73.45,ae:83:85:40:b9:f1,en0,,0
2025-10-24T04:42:52.807427,172.19.64.1,ae:ed:32:41:dc:00,en0,,0
2025-10-24T04:42:53.316427,0.0.0.0,f0:77:c3:fc:f6:e3,en0,,0
2025-10-24T04:42:53.419678,172.19.64.1,ae:ed:32:41:dc:00,en0,,0
2025-10-24T04:42:53.521627,172.19.64.1,ae:ed:32:41:dc:00,en0,,0
2025-10-24T04:42:53.725820,172.19.71.96,9e:1e:28:d1:4b:f8,en0,,0
2025-10-24T04:42:53.828277,172.19.67.62,de:2b:5b:96:1f:0b,en0,,0
2025-10-24T04:42:53.828651,172.19.64.1,ae:ed:32:41:dc:00,en0,,0
2025-10-24T04:42:53.930596,172.19.64.1,ae:ed:32:41:dc:00,en0,,0
2025-10-24T04:42:53.932118,172.19.72.38,62:d0:1d:cf:2a:c5,en0,,0
2025-10-24T04:42:54.033691,172.19.64.1,ae:ed:32:41:dc:00,en0,,0
2025-10-24T04:42:54.340091,0.0.0.0,f0:77:c3:fc:f6:e3,en0,,0
2025-10-24T04:42:54.445991,172.19.64.1,ae:ed:32:41:dc:00,en0,,0
2025-10-24T04:42:54.649561,172.19.65.228,e2:d4:e4:d3:e3:39,en0,,0
2025-10-24T04:42:54.652518,172.19.73.1,0a:15:55:3b:cb:74,en0,,0
2025-10-24T04:42:54.749961,172.19.66.197,62:51:bb:f0:8e:a0,en0,,0
2025-10-24T04:42:54.750494,172.19.64.1,ae:ed:32:41:dc:00,en0,,0
2025-10-24T04:42:54.852611,172.19.64.1,ae:ed:32:41:dc:00,en0,,0
2025-10-24T04:42:54.954414,172.19.64.1,ae:ed:32:41:dc:00,en0,,0
2025-10-24T04:42:54.957462,172.19.68.94,dc:b7:2e:21:d4:63,en0,,0
2025-10-24T04:42:55.057759,172.19.64.1,ae:ed:32:41:dc:00,en0,,0
2025-10-24T04:42:55.160280,172.19.68.77,0e:14:3e:3d:09:f8,en0,,0
2025-10-24T04:42:55.160967,172.19.64.1,ae:ed:32:41:dc:00,en0,,0
2025-10-24T04:42:55.364445,0.0.0.0,f0:77:c3:fc:f6:e3,en0,,0
2025-10-24T04:42:55.365413,172.19.64.1,ae:ed:32:41:dc:00,en0,,0
2025-10-24T04:42:55.774289,172.19.64.1,ae:ed:32:41:dc:00,en0,,0
2025-10-24T04:42:55.876211,172.19.64.1,ae:ed:32:41:dc:00,en0,,0
2025-10-24T04:42:56.081358,172.19.72.150,36:56:09:9c:39:2b,en0,,0
2025-10-24T04:42:56.183341,172.19.64.1,ae:ed:32:41:dc:00,en0,,0
2025-10-24T04:42:56.185396,172.19.64.1,ae:ed:32:41:dc:00,en0,,0
2025-10-24T04:42:56.388488,172.19.70.56,f0:77:c3:fc:f6:e3,en0,,0
2025-10-24T04:42:56.388717,172.19.64.1,ae:ed:32:41:dc:00,en0,,0
2025-10-24T04:42:56.798373,172.19.64.1,ae:ed:32:41:dc:00,en0,,0
2025-10-24T04:42:56.900389,172.19.64.1,ae:ed:32:41:dc:00,en0,,0
2025-10-24T04:42:57.312117,172.19.64.1,ae:ed:32:41:dc:00,en0,,0
2025-10-24T04:42:57.413678,172.19.64.1,ae:ed:32:41:dc:00,en0,,0
2025-10-24T04:42:57.514769,172.19.64.1,ae:ed:32:41:dc:00,en0,,0
2025-10-24T04:42:57.719287,172.19.72.253,de:77:8f:05:32:9a,en0,,0
2025-10-24T04:42:57.821735,172.19.64.1,ae:ed:32:41:dc:00,en0,,0
2025-10-24T04:42:58.026640,172.19.64.1,ae:ed:32:41:dc:00,en0,,0
2025-10-24T04:42:58.128738,172.19.64.1,ae:ed:32:41:dc:00,en0,,0
2025-10-24T04:42:58.231775,172.19.72.140,22:49:5a:3b:8c:23,en0,,0
2025-10-24T04:42:58.234559,172.19.67.225,9e:00:b4:c7:b1:08,en0,,0
2025-10-24T04:42:58.338158,0.0.0.0,f0:77:c3:fc:f6:e3,en0,,0
2025-10-24T04:42:58.543100,172.19.64.1,ae:ed:32:41:dc:00,en0,,0
2025-10-24T04:42:58.848016,172.19.64.1,ae:ed:32:41:dc:00,en0,,0
2025-10-24T04:42:59.053038,172.19.64.1,ae:ed:32:41:dc:00,en0,,0
2025-10-24T04:42:59.256147,172.19.65.247,1a:bc:8d:d2:f6:93,en0,,0
2025-10-24T04:42:59.257408,0.0.0.0,d4:d8:53:82:bc:ca,en0,,0
2025-10-24T04:42:59.357939,0.0.0.0,f0:77:c3:fc:f6:e3,en0,,0
2025-10-24T04:42:59.358390,172.19.64.1,ae:ed:32:41:dc:00,en0,,0
2025-10-24T04:42:59.562567,172.19.68.8,72:e9:e4:50:55:68,en0,,0
2025-10-24T04:42:59.562791,172.19.68.6,c6:53:99:90:5d:0a,en0,,0
2025-10-24T04:42:59.564131,172.19.64.1,ae:ed:32:41:dc:00,en0,,0
2025-10-24T04:42:59.564728,172.19.73.121,26:33:72:ec:54:ee,en0,,0
2025-10-24T04:42:59.697073,0.0.0.0,d4:d8:53:82:bc:ca,en0,,0
2025-10-24T04:42:59.972544,172.19.70.229,06:36:42:c9:f3:6a,en0,,0
2025-10-24T04:42:59.972860,172.19.67.29,ba:d0:48:52:19:3f,en0,,0
2025-10-24T04:43:00.177321,172.19.64.1,ae:ed:32:41:dc:00,en0,,0
2025-10-24T04:43:00.177633,172.19.73.12,4a:09:52:9f:02:f7,en0,,0
2025-10-24T04:43:00.177849,172.19.73.12,4a:09:52:9f:02:f7,en0,,0
2025-10-24T04:43:00.277729,0.0.0.0,f0:77:c3:fc:f6:e3,en0,,0
2025-10-24T04:43:00.320639,172.19.64.1,ae:ed:32:41:dc:00,en0,,0
2025-10-24T04:43:00.324939,172.19.64.1,ae:ed:32:41:dc:00,en0,,0
2025-10-24T04:43:00.325238,172.19.67.225,9e:00:b4:c7:b1:08,en0,,0
2025-10-24T04:43:00.351915,172.19.64.1,ae:ed:32:41:dc:00,en0,,0
2025-10-24T04:43:00.791457,0.0.0.0,d4:d8:53:82:bc:ca,en0,,0
2025-10-24T04:43:00.793241,172.19.68.94,dc:b7:2e:21:d4:63,en0,,0
2025-10-24T04:43:00.894407,172.19.64.1,ae:ed:32:41:dc:00,en0,,0
2025-10-24T04:43:00.996861,172.19.64.1,ae:ed:32:41:dc:00,en0,,0
2025-10-24T04:43:01.304888,172.19.70.56,f0:77:c3:fc:f6:e3,en0,,0
2025-10-24T04:43:01.409736,172.19.64.1,ae:ed:32:41:dc:00,en0,,0
2025-10-24T04:43:01.509508,172.19.65.125,de:fa:92:c5:09:8d,en0,,0
2025-10-24T04:43:01.715739,172.19.64.1,ae:ed:32:41:dc:00,en0,,0
2025-10-24T04:43:01.716768,0.0.0.0,d4:d8:53:82:bc:ca,en0,,0
2025-10-24T04:43:01.918173,172.19.64.1,ae:ed:32:41:dc:00,en0,,0
2025-10-24T04:43:01.919497,172.19.64.1,ae:ed:32:41:dc:00,en0,,0
2025-10-24T04:43:01.919755,172.19.70.229,06:36:42:c9:f3:6a,en0,,0
2025-10-24T04:43:02.020094,172.19.64.1,ae:ed:32:41:dc:00,en0,,0
2025-10-24T04:43:02.225436,172.19.64.1,ae:ed:32:41:dc:00,en0,,0
2025-10-24T04:43:02.433977,172.19.68.103,4e:38:56:de:b2:c5,en0,,0
2025-10-24T04:43:02.696325,172.19.73.146,d4:d8:53:82:bc:ca,en0,,0
2025-10-24T04:43:02.943519,172.19.64.1,ae:ed:32:41:dc:00,en0,,0
2025-10-24T04:43:03.044947,172.19.64.1,ae:ed:32:41:dc:00,en0,,0
2025-10-24T04:43:03.045185,172.19.64.1,ae:ed:32:41:dc:00,en0,,0
2025-10-24T04:43:03.148158,172.19.64.1,ae:ed:32:41:dc:00,en0,,0
2025-10-24T04:43:03.250279,172.19.64.1,ae:ed:32:41:dc:00,en0,,0
2025-10-24T04:43:03.352540,172.19.70.56,f0:77:c3:fc:f6:e3,en0,,0
2025-10-24T04:43:03.556521,172.19.66.186,9e:c0:6e:a6:9b:de,en0,,0
2025-10-24T04:43:04.068722,172.19.64.1,ae:ed:32:41:dc:00,en0,,0
2025-10-24T04:43:04.069018,172.19.64.1,ae:ed:32:41:dc:00,en0,,0
2025-10-24T04:43:04.170702,172.19.64.1,ae:ed:32:41:dc:00,en0,,0
2025-10-24T04:43:04.273110,172.19.64.1,ae:ed:32:41:dc:00,en0,,0
2025-10-24T04:43:04.785293,172.19.73.146,d4:d8:53:82:bc:ca,en0,,0
2025-10-24T04:43:05.093783,172.19.64.1,ae:ed:32:41:dc:00,en0,,0
2025-10-24T04:43:05.194799,172.19.64.1,ae:ed:32:41:dc:00,en0,,0
2025-10-24T04:43:05.297126,172.19.65.20,92:1b:a4:63:63:06,en0,,0
2025-10-24T04:43:05.299778,172.19.64.1,ae:ed:32:41:dc:00,en0,,0
2025-10-24T04:43:05.300036,172.19.64.1,ae:ed:32:41:dc:00,en0,,0
2025-10-24T04:43:05.504619,172.19.64.1,ae:ed:32:41:dc:00,en0,,0
2025-10-24T04:43:05.809785,0.0.0.0,f8:89:d2:15:50:f9,en0,,0
2025-10-24T04:43:06.014535,172.19.68.27,52:fd:a4:4c:92:d4,en0,,0
2025-10-24T04:43:06.117838,172.19.64.1,ae:ed:32:41:dc:00,en0,,0
2025-10-24T04:43:06.382266,172.19.71.128,56:fb:a5:fe:a9:d2,en0,,0
2025-10-24T04:43:06.384533,172.19.65.47,52:4b:86:82:0f:0d,en0,,0
2025-10-24T04:43:06.423362,172.19.64.1,ae:ed:32:41:dc:00,en0,,0
2025-10-24T04:43:06.528040,172.19.64.1,ae:ed:32:41:dc:00,en0,,0
2025-10-24T04:43:06.528333,172.19.73.1,0a:15:55:3b:cb:74,en0,,0
2025-10-24T04:43:06.528571,0.0.0.0,24:b2:b9:8e:3b:e9,en0,,0
2025-10-24T04:43:06.834057,0.0.0.0,f8:89:d2:15:50:f9,en0,,0
2025-10-24T04:43:06.836537,172.19.65.231,3e:b9:f1:d4:2a:d4,en0,,0
2025-10-24T04:43:07.141099,172.19.66.172,8e:e3:b7:99:a3:4f,en0,,0
2025-10-24T04:43:07.447723,172.19.66.49,fa:97:e7:73:af:7a,en0,,0
2025-10-24T04:43:07.448052,172.19.64.1,ae:ed:32:41:dc:00,en0,,0
2025-10-24T04:43:07.553830,0.0.0.0,24:b2:b9:8e:3b:e9,en0,,0
2025-10-24T04:43:07.554042,172.19.64.1,ae:ed:32:41:dc:00,en0,,0
2025-10-24T04:43:07.756543,0.0.0.0,f8:89:d2:15:50:f9,en0,,0
2025-10-24T04:43:07.857265,172.19.65.122,0e:9a:3a:76:44:6f,en0,,0
2025-10-24T04:43:08.062191,172.19.64.1,ae:ed:32:41:dc:00,en0,,0
2025-10-24T04:43:08.266974,172.19.72.246,76:02:cf:f9:24:5b,en0,,0
2025-10-24T04:43:08.474758,172.19.64.1,ae:ed:32:41:dc:00,en0,,0
2025-10-24T04:43:08.576800,0.0.0.0,24:b2:b9:8e:3b:e9,en0,,0
2025-10-24T04:43:08.576993,172.19.64.1,ae:ed:32:41:dc:00,en0,,0
2025-10-24T04:43:08.678138,172.19.72.109,06:93:59:35:f0:69,en0,,0
2025-10-24T04:43:08.782827,172.19.65.88,f8:89:d2:15:50:f9,en0,,0
2025-10-24T04:43:08.884260,172.19.64.1,ae:ed:32:41:dc:00,en0,,0
2025-10-24T04:43:09.086158,172.19.64.1,ae:ed:32:41:dc:00,en0,,0
2025-10-24T04:43:09.087165,172.19.64.1,ae:ed:32:41:dc:00,en0,,0
2025-10-24T04:43:09.188447,172.19.70.137,8e:24:e5:68:87:ef,en0,,0
2025-10-24T04:43:09.495516,172.19.64.1,ae:ed:32:41:dc:00,en0,,0
2025-10-24T04:43:09.600941,172.19.71.157,24:b2:b9:8e:3b:e9,en0,,0
